id,sentiment,slot,phrase
P001,positive,opening,"Thank you for the kind review, {name}!"
P002,positive,opening,"{name}, thanks for taking the time to write this."
P003,positive,opening,"We really appreciate you sharing this, {name}."
P004,positive,opening,"Thanks for the five stars, {name}."
P005,positive,opening,"What a nice note to read, {name}. Thank you!"
P006,positive,opening,"Thank you, {name}. Reviews like this mean a lot to a small business."
P007,positive,opening,"Hearing this made our day, {name}."
P008,positive,body,"We're glad the {service} went smoothly."
P009,positive,body,"It's great to hear {team_member} took good care of you."
P010,positive,body,"Showing up on time and doing it right is what we aim for, so we're glad that came through."
P011,positive,body,"Comments like yours help other neighbors know what to expect."
P012,positive,body,"We'll pass your note along to the crew."
P013,positive,body,"Thank you for mentioning {team_member} by name; that means a lot to them."
P014,positive,body,"We love hearing that the work was explained clearly."
P015,positive,body,"Clean, careful work matters to us, so thank you for noticing."
P016,positive,resolution,"If anything comes up with the {service}, call us at {phone} and we'll take care of it."
P017,positive,resolution,"Keep our number handy for next time: {phone}."
P018,positive,resolution,"We're here if you need anything else."
P019,positive,resolution,"Know a neighbor who needs a hand? Send them our way at {phone}."
P020,positive,closing,"Thanks again for choosing {business}."
P021,positive,closing,"See you next time!"
P022,positive,closing,"We appreciate your business."
P023,positive,closing,"Take care, {name}."
P024,positive,closing,"Thanks for being part of the {business} community."
P025,positive,closing,"Have a great week!"
P026,neutral,opening,"Thank you for the feedback, {name}."
P027,neutral,opening,"{name}, thanks for letting us know how it went."
P028,neutral,opening,"We appreciate you taking the time to review {business}."
P029,neutral,opening,"Thanks for your honest review, {name}."
P030,neutral,body,"We're glad the {service} got done, and we'd like to hear what would have earned a fifth star."
P031,neutral,body,"It sounds like parts of the visit were good and parts could be better, and we'd like to understand the difference."
P032,neutral,body,"If something was missing, we'd rather hear it directly so we can fix it."
P033,neutral,body,"Your comments on timing are noted, and we're reviewing how we schedule."
P034,neutral,body,"We're happy the result worked out, and we hear you on the communication."
P035,neutral,body,"Thanks for the detail; it helps us see where the visit could have been smoother."
P036,neutral,resolution,"Call {phone} or email {email} and ask for {manager}; we'd like to talk it through."
P037,neutral,resolution,"If you're open to it, tell us what we could have done better at {email}."
P038,neutral,resolution,"Reply to this review or call {phone} and we'll follow up."
P039,neutral,closing,"Thanks again for the honest feedback."
P040,neutral,closing,"We appreciate you giving us the chance to improve."
P041,neutral,closing,"We hope to earn that fifth star next time."
P042,negative,opening,"{name}, we're sorry your experience fell short."
P043,negative,opening,"Thank you for telling us about this, {name}, and we apologize."
P044,negative,opening,"This isn't the standard we hold ourselves to, {name}, and we're sorry."
P045,negative,opening,"We take this seriously, {name}."
P046,negative,body,"We're looking into what happened with the {service}."
P047,negative,body,"You should not have had to wait that long, and we're sorry you did."
P048,negative,body,"We've shared your comments with {manager} so we can look at what went wrong."
P049,negative,body,"We can't confirm the details from a review alone, so we'd like to hear more from you directly."
P050,negative,body,"We would like the chance to make this right."
P051,negative,body,"We don't see a record under this name, so please contact us so we can look into it."
P052,negative,body,"Communication slipped here, and that's on us."
P053,negative,resolution,"Please call {phone} and ask for {manager}, or email {email}, so we can sort this out."
P054,negative,resolution,"Reach out at {email} with your job date and we'll review it right away."
P055,negative,resolution,"We'd like to come back and fix the {service} if the work was ours."
P056,negative,resolution,"If we got something wrong, we'll correct it."
P057,negative,closing,"Thank you for giving us the chance to respond."
P058,negative,closing,"We hope to hear from you."
P059,negative,closing,"We appreciate you letting us know."
P060,negative,closing,"We will follow up as soon as we hear from you."
